{
  "dependencies": {
    "secrets1": {
      "type": "secrets.user"
    },
    "mssql1": {
      "serviceConnectorResourceId": "/subscriptions/[parameters('subscriptionId')]/resourceGroups/[parameters('resourceGroupName')]/providers/Microsoft.ServiceLinker/locations/westeurope/connectors/ConnectionStringsDefaultConnection_BFC971AD04",
      "secretStore": "LocalSecretsFile",
      "resourceId": "/subscriptions/[parameters('subscriptionId')]/resourceGroups/[parameters('resourceGroupName')]/providers/Microsoft.Sql/servers/webgroup1640/databases/WebgroupDb1640",
      "type": "mssql.azure",
      "connectionId": "ConnectionStrings:DefaultConnection",
      "dynamicId": null
    }
  }
}